,frame,surface_area_mouth,mouth_open
0,00001,5.3129518972738765e-05,0
1,00002,0.0004303031305221694,0
2,00003,0.00011990008440676547,0
3,00004,0.00015890869406476327,0
4,00005,0.00011072880106333116,0
5,00006,0.0005215948979726548,0
6,00007,0.00019517123316603602,0
7,00008,0.001258610919626868,0
8,00009,0.005235156250408934,0
9,00010,9.380501303724031e-05,0
10,00011,0.00012584591879605256,0
11,00012,0.000172019966376169,0
12,00013,0.00020988516274567104,0
13,00014,0.00031982659156160054,0
14,00015,0.00017317059605570506,0
15,00016,0.0006581633527771302,0
16,00017,0.001288481123027374,0
17,00018,0.0008511507010169339,0
18,00019,0.0008345895063870401,0
19,00020,0.000333686024540647,0
20,00021,0.00022906788803389588,0
21,00022,0.0014829362514623412,0
22,00023,0.00035717939568158386,0
23,00024,8.99712115378648e-05,0
24,00025,6.108180224373427e-05,0
25,00026,0.0004660760648533824,0
26,00027,0.001477448768887335,0
27,00028,4.438524037464475e-05,0
28,00029,5.01344558063721e-05,0
29,00030,0.001605469046240593,1
30,00031,0.0010751829136594893,1
31,00032,0.0004970119674627682,1
32,00033,0.0002021128170506259,1
33,00034,4.874747676097968e-05,1
34,00035,8.755929308712496e-05,1
35,00036,0.00018323130359654272,1
36,00037,7.149932988070873e-05,1
37,00038,0.0001497747153571538,1
38,00039,0.00012579693593828267,0
39,00040,8.360691695763478e-05,0
40,00041,3.664811121417699e-05,0
41,00042,8.716653208207248e-05,0
42,00043,0.00010903774291826096,0
43,00044,0.00010510559877641157,0
44,00045,0.00010573235748978504,0
45,00046,0.0004480984555295109,0
46,00047,0.0005021082532712384,0
47,00048,0.0004967444744172766,0
48,00049,0.00042597029207502857,0
49,00050,0.00030974318667809086,0
50,00051,0.0008918098954762144,0
51,00052,0.0008727762313309739,0
52,00053,0.00026665375832379823,0
53,00054,0.00020779419377259245,0
54,00055,0.00081440031114699,0
55,00056,0.00011650733186208129,0
56,00057,0.00039493640897525495,0
57,00058,0.0004157616769040473,0
58,00059,0.0002665782159692043,0
59,00060,0.0005529495523894923,0
60,00061,0.0006815070721204464,0
61,00062,0.00022066532269970907,0
62,00063,0.0003749485792710061,0
63,00064,0.0002877591093293219,0
64,00065,5.249779412341837e-05,0
65,00066,0.0005099749547898824,0
66,00067,0.007319053265701925,1
67,00068,0.0008724041550332018,1
68,00069,0.0013434620683572263,1
69,00070,0.0005950598299833132,1
70,00071,0.00011255760647088664,1
71,00072,0.00013645632362990767,1
72,00073,0.00025391339611502417,1
